ID,Sentence_Type,Sentence_Original,STANDARD_TRANSCRIPT,vosk-model-small-en-us-0.15,Wav2vec2,HuBERT,Whisper_Base-En,Whisper_Large-v3-EN,Azure,Comprehensibility_Fair_Avg,Accentedness_Fair_Avg,Azure_Pronunciation,Kaldi_GOP,WER_vosk-model-small-en-us-0.15,WER_Wav2vec2,WER_HuBERT,WER_Base-En,WER_Large-v3-EN,WER_Azure
1,interrogative,HOW DO WE GET THERE?,HOW DO WE GET THERE,OH DO WE GET THERE,OLL DULY GET THERE,HOW DO WE GET THERE, OH DO WE GET THERE,HOW DO WE GET THERE,HOW DO WE GET THERE,3.22,5.53,96.4,6,0.2,0.6,0,0.2,0,0
2,declaritive,GOOD AFTERNOON.,GOOD AFTERNOON,GOOD AFTERNOON,AN WHAT  AV TON YE,GOOODA AFTERMEN, COME ON AFTER ME,GOOD AFTERNOON,GOOD AFTERNOON,4.43,6.01,61.6,6,0,2.5,1,2,0,0
3,declaritive,THIS IS KUMAR.,THIS IS KUMAR,DCS KUMAR,THEY SAYS CUMAR,THEY SAYS KOUMAR, THIS IS KUMAR,THIS IS KUMAR,THIS IS KUMAR,4.04,6.01,95.8,25,0.67,1,1,0,0,0
4,declaritive,I THINK SO.,I THINK SO,HELLO GAMES GO,AND GAN STYLE,A GAMESTALL, TAKE THE INSULT,I THINK SO,I THINK SO,4.04,6.01,76.6,18,1,1,1,1,0,0
5,exclamatory,WATCH OUT!,WATCH OUT,WATCH OUT,WATCH OUT,WATCH OUT, WATCH OUT,WATCH OUT,WATCH OUT,3.69,5.53,91,6,0,0,0,0,0,0
6,declaritive,HE IS A NEW STUDENT.,HE IS A NEW STUDENT,HE IS ON THE NEWS TO THE,HE IS AN A NEWR STUDEN,HE IS A NED TO TENT, HE IS A NEW STUDENT,HE IS A NEW STUDENT,HE IS A NEW STUDENT,5.55,6.98,83.8,29,1,0.6,0.6,0,0,0
7,interrogative,ANYTHING ELSE?,ANYTHING ELSE,ANYTHING ELSE,A DN S,ANYTHING ELSE, ANYTHING ELSE,ANYTHING ELSE,ANYTHING ELSE,2.51,5.02,91.4,18,0,1.5,0,0,0,0
8,exclamatory,OUR TEAM IS THE BEST!,OUR TEAM IS THE BEST,RIGHT P IS THAT BASS,ARANTIN IS THE BAT,OUR TEAM IS THE BEST, OUR TEAM IS THE BEST,OUR TEAM IS THE BEST,OUR TEAM IS THE BEST,4.43,6.01,98.4,16,0.8,0.6,0,0,0,0
9,interrogative,WHERE ARE THE ANIMALS?,WHERE ARE THE ANIMALS,THERE AREN'T ANY RULES,ARN THE ANNALS,ERAARD DIANUS, OUR THE ANIMALS,THERE ARE THE ANIMALS,WHERE ARE THE ANIMALS,4.99,6.98,60.6,26,1,0.75,1,0.5,0.25,0
10,declaritive,FOLLOW ME.,FOLLOW ME,OH NO,ALO ME,FOLLOW ME, FOLLOW ME,FOLLOW ME,FOLLOW ME,3.22,6.01,64,20,1,0.5,0,0,0,0
11,exclamatory,"YES, LET'S GO!",YES LET'S GO,YES GLASGOW,YES GLAS GO,YES LET'S GO, YES LET'S GO,YES LET'S GO,YES LET'S GO,2.51,3.05,98,11,0.67,0.33,0,0,0,0
12,interrogative,CAN WE HAVE THREE SODAS?,CAN WE HAVE THREE SODAS,HENRY HAVE THREE SO THERE'S,CAN WE HAVE TO BE SIL THUS,HENRE HAVE TO RE SOWD US, CAN WE HAVE THREE SODAS,CAN WE HAVE THREE SODAS,CAN WE HAVE THREE SODAS,2.51,4.01,95.8,19,0.8,0.8,1.2,0,0,0
13,declaritive,YOU'RE WELCOME.,YOU'RE WELCOME,HE ARRIVED COM,HERA RAT COM,YAR RAK CUB, YOU'RE A RAT COME,YOUR RECORD,YOU'RE WELCOME,3.69,6.01,62.6,7,1.5,1.5,1.5,1.5,1,0
14,interrogative,WHAT'S YOUR NAME?,WHAT'S YOUR NAME,WHAT'S YOUR NAME,ONE TURMED NAME,WHAT'S YER NAME, WHAT'S YOUR NAME,WHAT'S HER NAME,WHAT'S YOUR NAME,3.22,5.02,99.4,13,0,0.67,0.33,0,0.33,0
15,declaritive,I LIKE SOCCER.,I LIKE SOCCER,I LIKE A CIRCUS,I LIKE A SARCOURS,I LIKE A CIRCOURSE, I LIKE THE SURF COURSE,I LIKE CIRCUS,I LIKE SOCCER,4.04,7.47,95,32,0.67,0.67,0.67,1,0.33,0
16,declaritive,NOW I KNOW ABOUT MANY ANIMALS.,NOW I KNOW ABOUT MANY ANIMALS,NOW I KNOW AIRBORNE MANY ANIMALS,NOW I KNOW EBBER MANY ANMA,NOW I KNOW ABOR MANY ANIMALS, NOW I KNOW ABOUT MANY ANIMALS,NOW I KNOW ABOUT MANY ANIMALS,NOW I KNOW ABOUT MANY ANIMALS,6.01,6.98,95.2,23,0.17,0.33,0.17,0,0,0
17,declaritive,I AM SAD.,I AM SAD,I IS THAT,I OW TAT,I AW SAT, I AM SAD,I AM SAD,I AM SAD,4.99,6.49,92.8,23,0.67,0.67,0.67,0,0,0
18,interrogative,ARE YOU STILL TIRED?,ARE YOU STILL TIRED,ARE YOU STILL PIE YO,I'LL USE TALL PIE YON,ALL YOU TELL PIYO, I'LL USE TAILPILE,ARE YOU STILL TIRED,ARE YOU STILL TIRED,6.47,8,82,14,0.5,1.25,0.75,1,0,0
19,declaritive,WE HAVE OUR THIRD MESSAGE.,WE HAVE OUR THIRD MESSAGE,THE HAVE OUR THIRD,BE NO OR THORITOASSIT,WE HAVE OUR THOR DEMASSIC, WE HAVE OUR THIRD MISSION,WE HAVE OUR THIRD MESSAGE,WE HAVE OUR THIRD MESSAGE,4.99,6.01,70.8,12,0.4,1,0.4,0.2,0,0
20,declaritive,"FIFTEEN DOLLARS, PLEASE.",FIFTEEN DOLLARS PLEASE,FIFTEEN DOLLARS PLEASE,FIFTY THOU AR PLAYS,FESTIN THA OUR PLACE,FIFTY DOLLARS PLEASE,FIFTEEN DOLLARS PLACE,FIFTEEN DOLLARS PLEASE,4.04,6.98,96.4,33,0,1.33,1.33,0.33,0.33,0
21,declaritive,LET'S MEET AT THE OCEAN PARK.,LET'S MEET AT THE OCEAN PARK,VERY SOON AFTER ALL ALSO,FANSINO ATTE ORAM PA,RETINO AT TE OUAM PARK, THANKS FOR WATCHING,LET'S MEET AT THE OCEAN PARK,LET'S MEET AT THE OCEAN PARK,7.51,7.47,82.8,28,1,1,0.67,1,0,0
22,declaritive,IT'S OVER THERE.,IT'S OVER THERE,IT'S OVER THERE,IT OVER BAN,IT'S OVER THERE, IT'S OVER THERE,IT'S OVER THERE,IT'S OVER THERE,1.66,4.01,96.8,25,0,0.67,0,0,0,0
23,declaritive,LET'S GO HOME.,LET'S GO HOME,THAT'S COOL,YOREGEFOR,MAGICAL, LET'S GO HOME,LET'S GO HOME,LET'S GO HOME,3.22,4.01,75.4,22,1,1,1,0,0,0
24,declaritive,THAT'S A GOOD PRICE.,THAT'S A GOOD PRICE,THAT'S A GOOD FLIES,THATO GOOD MIE,THAT'S A GOOD PLICE, THAT'S A GOOD PLACE,THAT'S A GOOD PLACE,THAT'S A GOOD PRICE,3.22,6.01,81.8,24,0.25,0.75,0.25,0.25,0.25,0
25,declaritive,I'M READY TO GO.,I'M READY TO GO,I'M READY TO GO,I'M RUADY TO GO,I'M READY TO GO, I'M READY TO GO,I'M READY TO GO,I'M READY TO GO,1.66,4.01,100,22,0,0.25,0,0,0,0
26,declaritive,TURN RIGHT.,TURN RIGHT,GO RIGHT,OH WHY,CORIGHT, ALRIGHT,CALL ME RIGHT,TURN RIGHT,8.72,8,22.2,21,0.5,1,1,1,1,0
27,interrogative,DO YOU LIKE PASTA?,DO YOU LIKE PASTA,THREE YEAR LIKE PASSED DOWN,TO YOU LIKE PATTA,TO A YOUNG LIKE PASTAR, DO YOU LIKE PASTA,DO YOU LIKE PASTA,DO YOU LIKE PASTA,4.43,6.98,95.8,11,1,0.5,1,0,0,0
28,interrogative,HOW ARE YOU?,HOW ARE YOU,HOW ARE YOU,HOW ARE YOU,HOW ARE YOU, HOW ARE YOU,HOW ARE YOU,HOW ARE YOU,1.66,5.53,98.8,9,0,0,0,0,0,0
29,declaritive,I'M HAPPY TO JOIN.,I'M HAPPY TO JOIN,I AS THE TO JOHN,I MATI TO JOIN,I'M HAPPY TO JOIN, I MAY HAVE BEEN TOO STRONG,I'M HAPPY TO JOIN,I'M HAPPY TO JOIN,4.04,5.02,99.4,20,1,0.5,0,1.5,0,0
30,declaritive,WE HAVE THE NEXT MESSAGE.,WE HAVE THE NEXT MESSAGE,WE HAVE DONE MASK MESSAGE,REA WIT THE NASK MASSAGE,WE HAVE A NICE MESSAT, WE HAVE A NICE MESSAGE,WE HAVE THE NEXT MESSAGE,WE HAVE THE NEXT MESSAGE,6.99,7.47,92.8,18,0.4,0.8,0.6,0.4,0,0
31,declaritive,IT'S TIME FOR DINNER.,IT'S TIME FOR DINNER,IT'S TIME FOR A FEE KNOW,AT A TIME BEFORE GINAR,AT TIME FOR DINNER, AT TIME FOR DINNER,IT'S TIME FOR DINNER,IT'S TIME FOR DINNER,3.22,7.47,75.8,20,0.75,1,0.25,0.25,0,0
32,declaritive,SOUNDS LIKE FUN.,SOUNDS LIKE FUN,SOUNDS A LITTLE LIKE YOUR PHONE,SOUNDS LITTLE WHILE YOUR FAR,SOUNDS IT LIKE A FAWN, SOUNDS A LITTLE LIKE A FARM,SOUNDS LIKE FUN,SOUNDS LIKE FUN,4.04,6.01,51.4,15,1.33,1.33,1,1.33,0,0
33,declaritive,IT'S TIME FOR DINNER.,IT'S TIME FOR DINNER,EACH TIME FOR DINNER,IT KI WHOAR DINAR,IT TIME FOR DINNER, IT'S TIME FOR DINNER,IT'S TIME FOR DINNER,IT'S TIME FOR DINNER,3.22,6.01,93,19,0.25,1,0.25,0,0,0
34,declaritive,GOOD AFTERNOON.,GOOD AFTERNOON,GOOD AFTERNOON,LAV THEN YUN,GDAFTENUN, GOOD AFTERNOON,GOOD AFTERNOON,GOOD AFTERNOON,4.04,6.49,61,7,0,1.5,1,0,0,0
35,interrogative,IS THE MUSEUM CLOSED TOMORROW?,IS THE MUSEUM CLOSED TOMORROW,THERE THERE ARE IN A YOUNG GIRLS TOMORROW,AND THAT IL NO THE ON CLOTE TO MORROW,AN THAT I NE VE UNCLOSED TO MORROW, THERE'S THE MUSEUM CLOSED TOMORROW,IS THE MUSEUM CLOSED TOMORROW,IS THE MUSEUM CLOSED TOMORROW,4.99,6.01,61.6,23,1.4,1.6,1.6,0.2,0,0
36,declaritive,THE ANIMAL'S BONES ARE AT THE MUSEUM.,THE ANIMAL'S BONES ARE AT THE MUSEUM,ME ANYMORE AS BRONZE ARE AT THE MUSEUM,THE ANIMAS BONES AR ET THE NUW ZEAM,THE ANIMALS BONS ARE AT THE MUSEUM, THE ANIMALS BONES ARE AT THE MUSEUM,THE ANIMALS BONES ARE AT THE MUSEUM,THE ANIMALS BONES ARE AT THE MUSEUM,4.04,6.49,87.4,29,0.57,0.71,0.29,0.14,0.14,0.14
37,declaritive,I'M HAPPY TO JOIN.,I'M HAPPY TO JOIN,I'M HAPPY TO JOIN,I'M HAPPY TO JOLLY,I'M HAPPY TO JOY, I'M HAPPY TO JOIN YOU,I'M HAPPY TO JOIN,I'M HAPPY TO JOIN,3.22,6.01,100,24,0,0.25,0.25,0.25,0,0
38,declaritive,THIS ANIMAL IS BIG AND SCARY.,THIS ANIMAL IS BIG AND SCARY,THIS ANIMAL IS BEING AND CARE,THIS ANIMAL IS BIG AND SCARE,THIS ANIMAL IS BIG AND SCARE, THIS ANIMAL IS BIG AND SCARY,THIS ANIMAL IS BIG AND SCARY,THIS ANIMAL IS BIG AND SCARY,1.66,3.54,86.4,24,0.33,0.17,0.17,0,0,0
39,declaritive,IT IS SMART.,IT IS SMART,HE THIS IS SMART,EGISTHIS MARK,IT IS ESMARK, IT IS SMART,HEY THIS IS SMART,IT IS SMART,3.22,5.02,93.4,37,0.67,1,0.33,0,0.67,0
40,interrogative,DO YOU WANT SOME CAKE?,DO YOU WANT SOME CAKE,THE ON SOUNDCLOUD,DO RUNS DOWN CAT,DO YO LIN SOM KAG, DO YOUR RUNS OKAY,DO YOU WANT SOME CAKE,DO YOU WANT SOME CAKE,7.51,6.49,79.8,18,1,0.8,0.8,0.8,0,0
41,exclamatory,IT'S GOOD TO SEE YOU!,IT'S GOOD TO SEE YOU,AIR IT'S GOOD TO SEE YOU,AND GOOD TO SEEYOU,A' GOOD TO SEE YOU, IT'S GOOD TO SEE YOU,IT'S GOOD TO SEE YOU,IT'S GOOD TO SEE YOU,4.04,7.47,88.8,32,0.2,0.6,0.2,0,0,0
42,interrogative,ARE YOU READY TO GO INSIDE?,ARE YOU READY TO GO INSIDE,FOLLOW YOUR LEAD TO GO INSIDE,A A LUDY DO GO HE THOUGHT,FOR E LOVY TOO GO IN SA, ARE YOU READY TO GO INSIDE,ARE YOU READY TO GO INSIDE,ARE YOU READY TO GO INSIDE,4.99,8,75,16,0.5,1,1,0,0,0
43,exclamatory,ENJOY YOUR DINNER!,ENJOY YOUR DINNER,ENJOY YOUR DINNER,ENJOY EURADINA,ENJOY YOUR DINNER, ENJOY YOUR DINNER,ENJOY YOUR DINNER,ENJOY YOUR DINNER,1.66,4.01,98.2,16,0,0.67,0,0,0,0
44,declaritive,THIS ANIMAL IS BIG AND SCARY.,THIS ANIMAL IS BIG AND SCARY,THIS ANYMORE AS BIG AND SCARY,THIS ANIMAL IS BIG A SCARRY,THIS ANIMAL IS BIG AN SCURRY, THIS ANIMAL IS BIG AS SCURRY,THIS ANIMAL IS BIG AND SCARY,THIS ANIMAL IS BIG AND SCARY,4.04,6.49,86.4,31,0.33,0.33,0.33,0.33,0,0
45,declaritive,I LIKE SOCCER.,I LIKE SOCCER,I LIVESTOCK CORE,IRONIE SACKOR,AYI SACCOR, I LIKE SOCCER,I LIKE SOCCER,I LIKE SOCCER,3.22,5.02,98.2,37,0.67,1,1,0,0,0
46,declaritive,THANK YOU VERY MUCH.,THANK YOU VERY MUCH,THANK YOU VERY MUCH,THANK YOU VERY MUCH,THANK YOU VERY MUCH, THANK YOU VERY MUCH,THANK YOU VERY MUCH,THANK YOU VERY MUCH,1.66,6.01,100,5,0,0,0,0,0,0
47,interrogative,CAN YOU GO TO THE STADIUM?,CAN YOU GO TO THE STADIUM,CAN YOU GO DO THAT TOO YEAH,CAN YE GO TO THU STADYA,CAN YOU GO TO DHOSTADIA, CAN YOU GO TO THE STADIUM,CAN YOU GO TO THE STADIUM,CAN YOU GO TO THE STADIUM,1.66,4.01,97,11,0.67,0.5,0.33,0,0,0
48,interrogative,ANYTHING ELSE?,ANYTHING ELSE,ANYTHING ELSE,ANYTHING ELSE,ANYTHING ELSE, I'M GOING TO CUT IT,ANYTHING ELSE,ANYTHING ELSE,1.66,4.01,99.4,16,0,0,0,2.5,0,0
49,declaritive,THAT'S A GOOD PRICE.,THAT'S A GOOD PRICE,THAT'S A GOOD PRICE,THAT'S A GOOD PRIZE,THAT'S A GOOD PRICE, THAT'S A GOOD PRICE,THAT'S A GOOD PRIZE,THAT'S A GOOD PRICE,3.22,6.01,93.8,24,0,0.25,0,0,0.25,0
50,declaritive,IT IS ON THE FOOTBALL TEAM.,IT IS ON THE FOOTBALL TEAM,IN THE SOUND OF FOR FOURTEEN,AND TEY SOM THAT FORFAR CAME,AN DEY SON THE FULFALL CAME, AND THIS TIME THE 414,IT IS TIME FOR 14,IT IS ON THE FOOTBALL TEAM,4.43,6.98,76.8,25,1,1,0.83,0.83,0.67,0
51,declaritive,HERE YOU GO.,HERE YOU GO,HERE YOU GO,HEARNIN GO,HERE O GO, HERE YOU GO,HERE YOU GO,HERE YOU GO,2.51,5.53,99.4,24,0,0.67,0.33,0,0,0
52,declaritive,THEN TURN LEFT.,THEN TURN LEFT,THEY TURN LEFT,BON CAN RACK,BON TURN RAT, THEN TURN LEFT,THEN TURN LEFT,THEN TURN LEFT,2.51,3.05,91.6,13,0.33,1,0.67,0,0,0
53,exclamatory,WATCH OUT!,WATCH OUT,WATCH OUR,WHAT  OU,WATCH OUT, WATCH OUT,WATCH OUT,WATCH OUT,2.51,5.53,96,5,0.5,1,0,0,0,0
54,declaritive,I'M SO HUNGRY.,I'M SO HUNGRY,OH SO HUNGRY,ANME SO HUNGRY,I'M SO HUNGRY, I'M SO HUNGRY,I'M SO HUNGRY,I'M SO HUNGRY,1.66,1.95,98.2,12,0.33,0.33,0,0,0,0
55,declaritive,HE IS FROM KOREA.,HE IS FROM KOREA,IS RUN KOREA,HE IS FROM COLY,HE IS FROM CORIA, HE IS FROM KOREA,HE IS FROM KOREA,HE IS FROM KOREA,3.69,5.53,82.8,27,0.5,0.25,0.25,0,0,0
56,exclamatory,WATCH OUT!,WATCH OUT,WATCH OUT,FOR A CHILD,WATCH OUT, WATCH OUT,WATCH OUT,WATCH OUT,2.51,2.51,100,8,0,1.5,0,0,0,0
57,declaritive,I'M HAPPY TO JOIN.,I'M HAPPY TO JOIN,I'M HAPPY TO JOIN,I'M HAPPY TO JOIN,I'M HAPPY TO JOIN, I'M HAPPY TO JOIN,I'M HAPPY TO JOIN,I'M HAPPY TO JOIN,3.22,6.01,100,23,0,0,0,0,0,0
58,interrogative,WHAT'S YOUR FAVORITE SPORT?,WHAT'S YOUR FAVORITE SPORT,WHAT YOU SAY BURST FORTH,WHAT YOUR SABOR FORTH,WHAT YOUR SABORS FOR, WATCH YOUR FABLES FOR IT,WHAT'S YOUR FAVORITE SPORT,WHAT'S YOUR FAVORITE SPORT,4.99,6.49,81,17,1.25,0.75,0.75,1,0,0
59,declaritive,I'M READY TO GO.,I'M READY TO GO,I AM READY TO GO,I'M READY TO GO,I'M READY TO GO, I'M READY TO GO,I'M READY TO GO,I'M READY TO GO,1.66,2.51,99.4,35,0.5,0,0,0,0,0
60,declaritive,THE ANIMAL CONTEST IS OVER.,THE ANIMAL CONTEST IS OVER,THE AN AMERICAN COMBAT IS OVER,THE ELEMAR COMPAST IS OVER,THE ANAMAR COMPAST IS OVER, THE LMR COMPASS IS OVER,THE NMR CONTEST IS OVER,THE ANIMAL CONTEST IS OVER,3.69,7.47,84,23,0.6,0.4,0.4,0.4,0.2,0
61,interrogative,WHAT ANIMAL IS THAT?,WHAT ANIMAL IS THAT,LOT OF EARNERS IS THAT,WHAT ANIMERS IS THA,WHAT ANIMALRS IS THAT, WHAT ANIMALS IS THAT,WHAT ANIMALS IS THAT,WHAT ANIMAL IS THAT,2.51,7.47,79.8,35,0.75,0.5,0.25,0.25,0.25,0
62,declaritive,"YES, PLEASE.",YES PLEASE,YES PLEASE,YES TO LIS,YES PAE, YES PLEASE,YES PLEASE,YES PLEASE,2.51,5.02,97,0,0,1,0.5,0,0,0
63,interrogative,WHO'S THERE?,WHO'S THERE,WHO'S THEY,FOR ER,O A, OOF,WHO'S THERE,WHO'S THERE,3.22,4.01,70.8,8,0.5,1,1,1,0,0
64,exclamatory,IT SURE IS!,IT SURE IS,IT SURE IS,IT HOUR IS,IT SHURE IS, IT SURE IS,IT SURE IS,IT SURE IS,3.22,6.01,72.6,12,0,0.33,0.33,0,0,0
65,interrogative,WHAT DO YOU EAT IN KOREA?,WHAT DO YOU EAT IN KOREA,WHY DO YOU HE USED IN KOREA,BAT DO YOU IT IN CORIA,WHAT DO YOU EAT IN CORIA, WHAT DO YOU EAT IN KOREA,WHAT DO YOU EAT IN KOREA,WHAT DO YOU EAT IN KOREA,3.22,6.01,76.2,20,0.5,0.5,0.17,0,0,0
66,interrogative,CAN YOU HELP US?,CAN YOU HELP US,CAN YOU HAVE BOSS,CAN YOU HAVE BOSS,CAN YOU HAV BOS, CAN YOU HAVE BOTH,CAN YOU HELP US,CAN YOU HELP US,2.51,5.02,95.2,15,0.5,0.5,0.5,0.5,0,0
67,interrogative,HOW'S THE WEATHER?,HOW'S THE WEATHER,OH OKAY,A THE RED,OU THE RET, THE,HOW TO,HOW'S THE WEATHER,2.51,4.01,54.8,19,1,0.67,0.67,0.67,1,0
68,interrogative,ARE YOU STILL TIRED?,ARE YOU STILL TIRED,WHY IS THERE A TIRE,ITE CIR,ARE YOU TEIR TIRE, ARE YOU STILL TIRED,ARE YOU STILL TIRED,ARE YOU STILL TIRED,3.69,6.01,80.2,17,1.25,1,0.5,0,0,0
69,declaritive,IT'S RAINY.,IT'S RAINY,THE TRAIN,E TRANY,INTHRANE, IT'S RAIN,IT'S RAINING,IT'S RAINY,3.69,5.53,92.8,28,1,1,1,0.5,0.5,0
70,declaritive,THE ANIMAL CONTEST IS OVER.,THE ANIMAL CONTEST IS OVER,THE ANIMAL CONTEST IT'S OVER,GE ANOL COMPAST EAT OLV,DE ANAL CONTEST IT O, THE ANIMAL CONTEST IS OVER,THE ANNUAL CONTEST IS OVER,THE ANIMAL CONTEST IS OVER,3.69,6.98,75.4,25,0.2,1,0.8,0,0.2,0
71,interrogative,CAN YOU GO TOMORROW MORNING?,CAN YOU GO TOMORROW MORNING,I'M YOUR CALL TOMORROW MORNING,CAN YOU GO TO MATO MONEY,CAN YOU GO TO MORROW MORNIN, CAN YOU GO TOMORROW MORNING,CAN YOU GO TOMORROW MORNING,CAN YOU GO TOMORROW MORNING,1.66,5.53,98.2,22,0.6,0.6,0.6,0,0,0
72,declaritive,LET'S GO TOGETHER.,LET'S GO TOGETHER,THAT'S GO TO DEAD,LET GO TOGETH,LET GO TOGETHE, LET'S GO TOGETHER,LET'S GO TOGETHER,LET'S GO TOGETHER,2.51,4.5,76.8,18,1,0.67,0.67,0,0,0
73,interrogative,IS KUMAR THERE?,IS KUMAR THERE,HIS KUMAR THERE,IS COMAR THER,EIS CUMAR THERE, IS KUMALDAIR,IS KUMAR THERE,IS KUMAR THERE,1.66,4.5,93.4,20,0.33,0.67,0.67,0.67,0,0
74,interrogative,WHAT BIRD IS THAT?,WHAT BIRD IS THAT,FIVE NUMBERS EAT THAT,WILE VERSE ES DEAD,WAT BURS IS THAT, BLACK VS EASTAT,WHAT VERSE IS THAT,WHAT BIRD IS THAT,4.43,6.98,98.6,26,0.75,1,0.5,1,0.25,0
75,interrogative,DO YOU SEE THOSE TEETH?,DO YOU SEE THOSE TEETH,DO YOU SEE IT LAST KEITH,DO YOU SEE DOLLS TEE,DO YOU SEE THOSE TEET, DO YOU SEE THOSE TEETH,DO YOU SEE THOSE TEETH,DO YOU SEE THOSE TEETH,2.51,5.53,85.6,19,0.6,0.4,0.2,0,0,0
76,declaritive,SEE YOU THEN.,SEE YOU THEN,K YOU DAN,THEUDAM,SE YOU DAN, SEE YOU THEN,SEE YOU THEN,SEE YOU THEN,3.22,5.53,99.4,13,0.67,1,0.67,0,0,0
77,declaritive,"NOT BAD, THANKS.",NOT BAD THANKS,NOT BAD BANK,NOT BAD THING,NOT BAD THANG, NOT BAD THANKS,NOT BAD THANKS,NOT BAD THANKS,4.04,6.98,73.4,10,0.33,0.33,0.33,0,0,0
78,declaritive,SEE YOU ON TUESDAY.,SEE YOU ON TUESDAY,ON TUESDAY,DE ON TO SAY,SEE YOU ON TUESDAY, SEE YOU ON TUESDAY,SEE YOU ON TUESDAY,SEE YOU ON TUESDAY,2.51,3.54,100,20,0.5,1,0,0,0,0
79,declaritive,I'M SO HUNGRY.,I'M SO HUNGRY,I'M SO HUNGRY,IAM TO HUNGRY,IAM SO HUNGRY, I'M SO HUNGRY,I'M SO HUNGRY,I'M SO HUNGRY,2.51,4.01,95.8,13,0,0.67,0.33,0,0,0
80,declaritive,DON'T WORRY.,DON'T WORRY,SO LONELY,THOU MARLAT,TO MARLY, DON'T WORRY,DON'T WORRY,DON'T WORRY,4.99,7.47,82.6,30,1,1,1,0,0,0
81,exclamatory,SEE YOU THEN!,SEE YOU THEN,THEY THERE,E THOU,ABON, SEE YOU THEN,SEE YOU THEN,SEE YOU THEN,2.51,4.5,88.6,13,1,1,1,0,0,0
82,declaritive,"SORRY, I CAN'T.",SORRY I CAN'T,SORRY I CAN'T,SORRY I CAN'T,SORRY I CAN'T, SORRY I CAN'T,SORRY I CAN'T,SORRY I CAN'T,2.51,5.02,95.6,9,0,0,0,0,0,0
83,interrogative,WHO ARE THE WINNERS?,WHO ARE THE WINNERS,WHO ARE GIRL WE KNOW,WHO OU GO WE KNOW,WHO ARE TO WE KNOW, WHO ARE THE RENO,WHO ARE THE WIENERS,WHO ARE THE WINNERS,5.55,8,66.8,18,0.75,1,0.75,0.25,0.25,0
84,declaritive,I'M HAPPY TO JOIN.,I'M HAPPY TO JOIN,I'M HAPPY TO DOREEN,I'M HAPPY TO JOIN,I AM HAPPY TO JOIN, I'M HAPPY TO JOIN,I'M HAPPY TO JOIN,I'M HAPPY TO JOIN,2.51,6.01,100,23,0.25,0,0.5,0,0,0
85,interrogative,CAN YOU READ THE MESSAGE?,CAN YOU READ THE MESSAGE,THE LAST YEAR,O THE MASSY,AN YOU THE MASSE, AND YOU YOU MUST SEE,HELLO I'M MASSEY,CAN YOU READ THE MESSAGE,3.22,6.01,57.2,26,1,0.8,0.6,0.8,1,0
86,interrogative,CAN I HELP YOU?,CAN I HELP YOU,CARRIER VIEW,CAN I ELP BE,CAN I HELPO, CAN I HELP YOU,CAN I HELP YOU,CAN I HELP YOU,1.66,3.54,97.6,19,1,0.5,0.5,0,0,0
87,declaritive,LET'S WORK TOGETHER.,LET'S WORK TOGETHER,AND TO WORK TOGETHER,AT WORK TOGETHER,AT WORK TOGETHER, THAT'S WORK TOGETHER,LET'S WORK TOGETHER,LET'S WORK TOGETHER,3.69,4.5,44.8,15,0.67,0.33,0.33,0.33,0,0
88,declaritive,THAT COW HAS A LONG TAIL.,THAT COW HAS A LONG TAIL,YEAH BUT HOW HAS ALLOWED PAYABLE,GAFCAW HA A LAMCALE,THAT COW HAS A LONG PAY OL, THAT COW HAS A LONG TAIL,THAT COW HAS A LONG TAIL,THAT COW HAS A LONG TAIL,2.51,5.02,93.8,11,1,0.83,0.33,0,0,0
89,interrogative,ARE YOU STILL TIRED?,ARE YOU STILL TIRED,OR USE THE IT'S TIME,ARE YUSTET TIY,ARE YOU STE TIR, ARE YOU STILL TIRED,ARE YOU STILL TIRED,ARE YOU STILL TIRED,3.69,6.01,80.4,14,1.25,0.75,0.5,0,0,0
90,declaritive,I HAVE NO IDEA.,I HAVE NO IDEA,NO IDEA,I KNOW NO IKE,I HAV NO IDEA, I HAVE NO IDEA,I HAVE NO IDEA,I HAVE NO IDEA,3.69,6.49,98.2,16,0.5,0.5,0.25,0,0,0
91,exclamatory,LET'S CELEBRATE!,LET'S CELEBRATE,THAT'S A LOVELY,AN I SAT O BLAM,NACSER OF LAT, LET'S CELEBRATE,LET'S CELEBRATE,LET'S CELEBRATE,3.22,6.98,25.6,25,1.5,2.5,1.5,0,0,0
92,declaritive,SOUNDS LIKE FUN.,SOUNDS LIKE FUN,SOUNDS LIKE FUN,FOUND WHI FORM,SSOUNDS LIKE FUN, SOUNDS LIKE FUN,SOUNDS LIKE FUN,SOUNDS LIKE FUN,2.51,5.02,98.2,20,0,1,0.33,0,0,0
93,declaritive,I'M BUSY.,I'M BUSY,I MADE THE,I'M BITTY,I AM BEDA, I'M BUSY,I'M BUSY,I'M BUSY,3.22,4.5,87.4,20,1.5,0.5,1.5,0,0,0
94,declaritive,WE HAVE OUR LAST MESSAGE.,WE HAVE OUR LAST MESSAGE,THE WILL OUR LAST MERCY,WE HAVE OU WORD AS TO MISS,WE HAVE OURO LAST MESS, WE HAVE OUR LAST MESSAGE,WE HAVE OUR LAST MESSAGE,WE HAVE OUR LAST MESSAGE,4.43,6.49,70.8,10,0.6,1,0.4,0,0,0
95,interrogative,WHERE IS THE GATE?,WHERE IS THE GATE,THEY ARE A DAY,VERY EIL GET,WEARE IT TOU GATE, WE ARE IT AGAIN,WHERE IS THE GATE,WHERE IS THE GATE,2.51,6.49,96.4,31,1,1,0.75,1,0,0
96,declaritive,LET'S GO TO THE FARM.,LET'S GO TO THE FARM,THAT GO TO THE,THAT GO TO THE HOME,THAT GO TO THE FARM, LET'S GO TO THE FARM,LET'S GO TO THE FARM,LET'S GO TO THE FARM,2.51,5.53,85.8,26,0.4,0.4,0.2,0,0,0
97,declaritive,LET'S GET IN LINE.,LET'S GET IN LINE,LAST GAME IN HARARE,LET'S GETIN RING,LET'S GET IN RINE, LET'S GET IN YOUR ARMS,LET'S GET IN LINE,LET'S GET IN LINE,3.69,6.01,82.4,19,0.75,0.75,0.25,0.5,0,0
98,declaritive,LET'S TAKE THE BUS.,LET'S TAKE THE BUS,THE CLASS TAKE OF US,LETS TAKE OF US,LET'S TAKE TE BOSS, LET'S TAKE THE BUS,LET'S TAKE THE BUS,LET'S TAKE THE BUS,2.51,6.49,97.6,25,1,0.75,0.5,0,0,0
99,declaritive,"SORRY, WE DON'T HAVE ANY.",SORRY WE DON'T HAVE ANY,LOL REALLY DON'T HAVE ANY,ALREA HE DURN TO HIE IDY,LORY IF WE DON'T HAVE ANNY, LONG WAY WE DON'T HAVE ANY,SORRY WE DON'T HAVE ANY,SORRY WE DON'T HAVE ANY,3.22,6.49,84,6,0.4,1.2,0.6,0.4,0,0
100,exclamatory,ENJOY YOUR DINNER!,ENJOY YOUR DINNER,ENJOY YOUR DINNER,INDI YOUR MINNER,ENJOYED YOUR DINNER, ENJOY YOUR DINNER,ENJOY YOUR DINNER,ENJOY YOUR DINNER,2.51,4.5,94.6,11,0,0.67,0.33,0,0,0
101,declaritive,IT'S YOUR SIZE.,IT'S YOUR SIZE,EACH YOUR FLIES,ICH YOU ARE FLIES,IT'S YOUR FLIES, IT'S YOUR FRIES,IT'S YOUR SIZE,IT'S YOUR SIZE,3.69,5.53,96.8,15,0.67,1.33,0.33,0.33,0,0
102,declaritive,I LIKE KOREAN FOOD.,I LIKE KOREAN FOOD,I LIKE KOREA AND THE FLU,I LIKE CAREER EFOAD,I LIKE CAREERA FOOD, I LIKE KOREAN FOOD,I LIKE KOREAN FOOD,I LIKE KOREAN FOOD,2.51,4.5,65.4,25,1,0.5,0.25,0,0,0
103,exclamatory,THAT'S RIGHT!,THAT'S RIGHT,THAT,THANT OR,THAT OR, THANKS,THAT'S RIGHT,THAT'S RIGHT,1.66,2.51,51.4,10,1,1,1,1,0,0
104,declaritive,I HAVE NO IDEA.,I HAVE NO IDEA,THEY HAVE ALL NO IDEA,I HAVE A NO IDEA,I HAVE A NO IDEA, I HAVE A KNOWN IDEA,I HAVE A KNOWN IDEA,I HAVE NO IDEA,2.51,6.01,91.6,11,0.5,0.25,0.25,0.5,0.5,0
105,interrogative,WHAT DOES IT SAY?,WHAT DOES IT SAY,ONE THOUSAND SAY,WAR THOSHE FAY,WHAT DARS HE SAY, WHAT DOES HE SAY,WHAT DOES HE SAY,WHAT DOES IT SAY,1.66,3.05,100,23,0.75,1,0.5,0.25,0.25,0
106,declaritive,"SORRY, I'M LATE.",SORRY I'M LATE,SORRY FOR LATE,SORRY PANPLAY,NORY FU LATE, SORRY I'M LATE,SORRY I'M LATE,SORRY I'M LATE,2.51,5.53,71.2,13,0.33,0.67,0.67,0,0,0
107,declaritive,IT'S TEN DOLLARS.,IT'S TEN DOLLARS,IT'S NOW,IT'S CANDALLA,IT'S TANDALA, IT'S $10,IT'S TEN DOLLARS,IT'S TEN DOLLARS,2.51,5.53,51.8,31,0.67,0.67,0.67,0.67,0,0
108,declaritive,THIS ANIMAL IS BIG AND SCARY.,THIS ANIMAL IS BIG AND SCARY,THIS ANYMORE IS IT AS GALLERY,IS ENIMAR IS IG AND SCALRY,THIS ANIMAR IS BIG AN SKARY, THIS ANIMAL IS BIG AND SCARY,THIS ANIMAL IS BIG AND SCARY,THIS ANIMAL IS BIG AND SCARY,2.51,6.01,85.8,22,0.67,0.67,0.5,0,0,0
109,declaritive,WE HAVE THE NEXT MESSAGE.,WE HAVE THE NEXT MESSAGE,THREE HAVEN'T DONE THIS TO MY SAYS,TREE HABU TOUNES TO MESSAGE,WE HAVE  DOU NEXT A MESSAGE, WE HAVE DONE OUR NEXT MASSAGE,WE HAVE THE NEXT MESSAGE,WE HAVE THE NEXT MESSAGE,3.69,6.98,70.6,16,1.4,0.8,0.4,0.6,0,0
110,declaritive,THEN TURN LEFT.,THEN TURN LEFT,TO LAST,DANCER LEFT,THEN TURN LEFT, DAN TO THE LEFT,THEN TURN LEFT,THEN TURN LEFT,1.66,6.01,75.6,23,1,0.67,0,1,0,0
111,interrogative,CAN I HELP YOU?,CAN I HELP YOU,CAN I HIRE YOU,CAN I HARP YOU,CAN I HARP YOU, CAN I HARP YOU,CAN I HELP YOU,CAN I HELP YOU,2.51,6.49,80.6,24,0.25,0.25,0.25,0.25,0,0
112,declaritive,I LIKE KOREAN FOOD.,I LIKE KOREAN FOOD,I DRIVE CARIBBEAN FOOD,I YE RI CALL YE AMFOD,AI RA CALLED AMFOD, I WRITE KOREAN FOOD,I LIKE KOREAN FOOD,I LIKE KOREAN FOOD,3.22,7.47,45.6,27,0.5,1.25,1,0.25,0,0
113,exclamatory,ENJOY YOUR DINNER!,ENJOY YOUR DINNER,ENJOY YOUR DINNER,AND I OUGINA,ENJOY YOUR DINNER, ENJOY YOUR DINNER,ENJOY YOUR DINNER,ENJOY YOUR DINNER,2.51,5.02,74.8,13,0,1,0,0,0,0
114,declaritive,SEE YOU ON TUESDAY.,SEE YOU ON TUESDAY,STYLE,FER ON HERS BOW,STE ONTURS DIE, SEE YOU ON TUESDAY,SEE YOU ON TUESDAY,SEE YOU ON TUESDAY,1.66,3.54,91.8,18,1,1,1,0,0,0
115,exclamatory,THIS FARM IS HUGE!,THIS FARM IS HUGE,THIS GUY WAS HERE,IS FINELES HERE,THIS FARM IS HE, THIS FARM IS HUGE,THIS FARM IS HUGE,THIS FARM IS HUGE,1.17,2.51,82.8,21,0.75,1,0.25,0,0,0
116,declaritive,LET'S MEET AT THE OCEAN PARK.,LET'S MEET AT THE OCEAN PARK,HE WAS ALWAYS AT THE OCEAN PARK,HO ASK ME AT THA OSHAN CAR,WE LAST MEETS AT THA OCEAN PARK, LAST PIECE AT THE OCEAN CURVE,LAST MEET AT THE OCEAN PARK,LET'S MEET AT THE OCEAN PARK,3.22,4.01,83.4,18,0.5,1,0.67,0.5,0.17,0
117,declaritive,THE GAME IS OVER.,THE GAME IS OVER,THE GAME HIS OWN,THE GAES O,THE GIANES A, THE GAME IS OVER,THE GAME IS OVER,THE GAME IS OVER,2.51,5.02,78.8,24,0.5,0.75,0.75,0,0,0
118,exclamatory,THIS TREE IS HUGE!,THIS TREE IS HUGE,THESE THREE IS NEW,I GRIN IN HE,DIS TRA IS YOU, THIS TREE IS YOU,THIS TREE IS HUGE,THIS TREE IS HUGE,3.69,6.49,63.8,38,0.75,1,0.75,0.25,0,0
119,declaritive,LOOK OVER THERE.,LOOK OVER THERE,BLACK OVER THERE,LET OVER DON,LOK OVER DA, LOOK OVER THERE,LOOK OVER THERE,LOOK OVER THERE,1.66,1.95,98.2,12,0.33,0.67,0.67,0,0,0
120,interrogative,WHAT FOOD DO YOU LIKE?,WHAT FOOD DO YOU LIKE,REFERRED DO YOU LIVE,RUGFOR THAN YOU LIKE,RAFORD DO YOU LIKE, RUFFLES DO YOU LIKE,WHAT FOOD DO YOU LIKE,WHAT FOOD DO YOU LIKE,3.69,2.51,79,15,0.6,0.6,0.4,0.4,0,0
121,interrogative,WHAT DOES IT SAY?,WHAT DOES IT SAY,WIFE DOROTHY,WHAT DOL FA T,WHAT DOS THE S, WHAT THOSE THINGS,WHAT DOES IT SAY,WHAT DOES IT SAY,3.69,5.53,94,28,1,0.75,0.75,0.75,0,0
122,declaritive,LET'S MEET AT THE OCEAN PARK.,LET'S MEET AT THE OCEAN PARK,LAXMAN ME AT THE OCEAN PARK,DO LET MEET AT TEOSHAMPARIC,LATMET AT THEOCHAN PARK, LET ME DO SOME PARK,LET'S MEET AT THE OCEAN PARK,LET'S MEET AT THE OCEAN PARK,2.51,6.01,89.6,23,0.33,0.83,0.67,0.83,0,0
123,exclamatory,BE CAREFUL!,BE CAREFUL,LOL,HE CANET FOR,BE CAREDFOL, BE CAREFUL,BE CAREFUL,BE CAREFUL,1.17,1.95,95.2,10,1,1.5,0.5,0,0,0
124,interrogative,WHAT'S WRONG?,WHAT'S WRONG,WHAT'S WRONG,WAT WRONG,WHAT'S WRONG, WATCH IT WRONG,WHAT'S WRONG,WHAT'S WRONG,1.66,4.01,98.2,29,0,0.5,0,1,0,0
125,interrogative,WHAT TREE IS THIS?,WHAT TREE IS THIS,THE I PRAY A STAND,LATTRY IS DEAD,WHAT TRE IS THIS, WHAT PRETTY IS THIS,WHAT TREE IS THIS,WHAT TREE IS THIS,4.99,6.49,98.8,14,1.25,0.75,0.25,0.25,0,0
126,declaritive,I'M VERY THIRSTY.,I'M VERY THIRSTY,FILE FAMILY FOR,A IN BEARWAY SIR,AY VERWY SIR, HI BELLY CERTAIN,I'M VERY THIRSTY,I'M VERY THIRSTY,7.51,8,51.8,15,1,1.33,1,1,0,0
127,declaritive,GOOD AFTERNOON.,GOOD AFTERNOON,DO THAT,THAT SA,ODETTE N, GOOD NIGHT SENNA,GOOD AFTERNOON,GOOD AFTERNOON,7.51,7.47,64.8,9,1,1,1,1,0,0
128,exclamatory,"YES, LET'S GO!",YES LET'S GO,LET'S GO,SAND LET'S GO,ES LET'S GO, SO LET'S GO,YES LET'S GO,YES LET'S GO,3.69,4.01,71,23,0.33,0.33,0.33,0.33,0,0
129,declaritive,LET'S TAKE THE BUS.,LET'S TAKE THE BUS,LOTS OF PAID FOR BALLS,LAD SAID PAY DOL BATH,LADAN PAG TA BOF, LET'S TAKE THE BALL BALL,LET'S TAKE THE BUS,LET'S TAKE THE BUS,3.69,5.53,38,17,1.25,1.25,1,0.5,0,0
130,interrogative,WHAT BIRD IS THAT?,WHAT BIRD IS THAT,WHY FOR HIS DEATH,WHAT BOUT IS THAT,WHAT BUR IS THAT, WHAT THE HELL IS THAT,WHAT BIRD IS THAT,WHAT BIRD IS THAT,6.47,6.98,94.2,28,1,0.25,0.25,0.5,0,0
131,declaritive,LET'S RING THE BELL.,LET'S RING THE BELL,BLAIR'S GREEN BOTH BOROUGH,GLANCE GREEN OR VE,LADS DREAM OF BEO, LET'S BRING THE VEIL,LET'S BRING THE BARREL,LET'S RING THE BELL,3.22,6.49,77.4,12,1,1,1,0.5,0.5,0
132,declaritive,"YES, PLEASE.",YES PLEASE,YES PLEASE,YES PLESE,YES PLEASE, YES PLEASE,YES PLEASE,YES PLEASE,2.51,3.05,95.2,0,0,0.5,0,0,0,0
133,interrogative,WHAT DO YOU THINK?,WHAT DO YOU THINK,BUT TO USE DAY,WHAT DO YOU TANK,WHAT DO YOU THINK, WHAT DO YOU THINK,WHAT DO YOU THINK,WHAT DO YOU THINK,1.66,3.54,100,22,1,0.25,0,0,0,0
134,interrogative,CAN I HELP YOU?,CAN I HELP YOU,AND I HELP IN,AND THY HOATH YO,AND THY HOUTH IL, AND I HELP YOU,CAN I HELP YOU,CAN I HELP YOU,2.51,5.02,61.2,20,0.5,1,1,0.25,0,0
135,declaritive,THERE IS A SIGN.,THERE IS A SIGN,THERE IS A SIGN,DEU IS A SIGN,THERE IS A SIGN, THERE IS A SIGN,THERE IS A SIGN,THERE IS A SIGN,1.17,2.51,91.2,29,0,0.25,0,0,0,0
136,declaritive,HERE IS YOUR PRIZE.,HERE IS YOUR PRIZE,VERY YOUR FOR I,VERY YOUR FRIVE,THERE IS YOUR PRICE, HERE IS YOUR PRIZE,HERE IS YOUR PRIZE,HERE IS YOUR PRIZE,3.22,6.98,72.6,18,1,0.75,0.5,0,0,0
137,exclamatory,ENJOY YOUR DINNER!,ENJOY YOUR DINNER,ENJOY YOUR HERE,ENJOE YE YOUARE DEARER,ENJOY YOUR DINNER, ENJOY YOUR DINNER,ENJOY YOUR DINNER,ENJOY YOUR DINNER,1.66,5.53,96.4,18,0.33,1.33,0,0,0,0
138,declaritive,THE ANSWER IS THE TIGER.,THE ANSWER IS THE TIGER,THE ANSWER WAS A TIGER,THE ANSER IS THE PIDER,THE ANSWER IS THE TIGER, THE ANSWER IS THE TITLE,THE ANSWER IS THE TIGER,THE ANSWER IS THE TIGER,2.51,5.53,96.6,31,0.4,0.4,0,0.2,0,0
139,declaritive,A CHILD'S TICKET IS FOUR DOLLARS.,A CHILD'S TICKET IS FOUR DOLLARS,OH IT'S HIGH AS KIT CAT EASE FORM DOUBT OURS,O TRIES TE CAT IS FOR DOLLARS,O THIARS TICKET IS FOR DOLLARS, A TRIAST TICKET IS FOR DOLLARS,A CHILD'S TICKET IS $4,A CHILD'S TICKET IS FOUR DOLLARS,3.22,7.47,76.2,29,1.67,0.83,0.5,0.33,0.33,0
140,declaritive,DON'T WORRY.,DON'T WORRY,DON'T WORRY,DON WARTE,DON'T WARRY, DON'T WORRY,DON'T WORRY,DON'T WORRY,1.17,4.01,85.6,24,0,1,0.5,0,0,0
141,declaritive,NEXT WEEK IS SPRING VACATION.,NEXT WEEK IS SPRING VACATION,AS CRAIG IS SPRING VACATION,BREAG OR SCRAINBLE CLOSE FROM HER,QUIG IS SPRING VACATION, ESQUICK IS SPRING VACATION,F-WIG IS SPRING VACATION,NEXT WEEK IS SPRING VACATION,1.66,1.95,71,18,0.4,1.2,0.4,0.4,0.4,0
142,interrogative,ARE YOU THIRSTY?,ARE YOU THIRSTY,VERY THIRSTY,ARE YOU BARSKI,ARE YOU THIRSTY, ARE YOU THIRSTY,ARE YOU THIRSTY,ARE YOU THIRSTY,2.51,4.5,77.2,6,0.67,0.33,0,0,0,0
143,interrogative,WHAT DO YOU THINK?,WHAT DO YOU THINK,WHY DO YOU THINK,WHAT DO YOU THINK,WHAT DO YOU THINK, WHAT DO YOU THINK,WHAT DO YOU THINK,WHAT DO YOU THINK,2.51,5.02,99.2,21,0.25,0,0,0,0,0
144,interrogative,WHAT DOES THAT MEAN?,WHAT DOES THAT MEAN,WHAT REALLY,WHY AVE CAUSE ME IMEN,WHAT TOS CAN YE MEAN, WHAT DOES THE RING,WHAT DOES THAT MEAN,WHAT DOES THAT MEAN,1.66,6.01,88,30,0.75,1.25,0.75,0.5,0,0
145,interrogative,WHO'S THE WINNER?,WHO'S THE WINNER,OH NO WINNER,USAVINA,OZOWENA, WHO'S A WINNER,WHO'S THE WINNER,WHO'S THE WINNER,2.51,6.01,83,21,0.67,1,1,0.33,0,0
146,declaritive,IT DOES NOT PLAY FOOTBALL.,IT DOES NOT PLAY FOOTBALL,HE DOES LIKE PLAY FOOTBALL,EAT DOS NAR PLAY FRUITFUR,HE DOES NOT PLAY FRUITBALL, EAT THOSE NOT PLAY FOOTBALL,HE DOES NOT PLAY FOOTBALL,IT DOES NOT PLAY FOOTBALL,3.22,7.47,90.4,23,0.4,0.8,0.4,0.4,0.2,0
147,declaritive,WE CAN'T FIND THE STADIUM.,WE CAN'T FIND THE STADIUM,WE CAN'T FIND DOES THE THE ON,WE CAN'T FIND THE STEDIO,WE CAN'T FIND THE SPEDIUM, WE CAN'T FIND THE STADIUM,WE CAN'T FIND THE STADIUM,WE CAN'T FIND THE STADIUM,1.66,5.02,95.6,14,0.6,0.2,0.2,0,0,0
148,declaritive,TRY THIS BLUE SHIRT.,TRY THIS BLUE SHIRT,TRY THE IS BARELY SHED,TRIGEOS BLUESHARE,TRYGAS BLUCHER, TRY THIS BLUE SHIRT,TRY THIS BLUE SHIRT,TRY THIS BLUE SHIRT,1.66,5.02,93.4,14,1,1,1,0,0,0
149,declaritive,WELCOME TO KOREA.,WELCOME TO KOREA,COME TO KOREA,WERE COME TO COREA,WE'RCOME TO COREA, WELCOME TO KOREA,WELCOME TO KOREA,WELCOME TO KOREA,1.66,2.51,92.2,31,0.33,1,0.67,0,0,0
150,declaritive,BUT I DON'T LIKE SNAILS.,BUT I DON'T LIKE SNAILS,BUT I DON'T LIKE SNAILS,BUT I DON'T ALIKE SNALS,BUT I DON'T LIKE SNAILS, BUT I DON'T LIKE SNAILS,BUT I DON'T LIKE SNAILS,BUT I DON'T LIKE SNAILS,2.51,3.05,96.2,30,0,0.4,0,0,0,0
151,declaritive,WE ARE HAVING AN ANIMAL CONTEST.,WE ARE HAVING AN ANIMAL CONTEST,WE ARE HAVING ON ANYMORE CONTEST,WE ARE HAVING ON ANY MORE CONTEST,WE ARE HAVING AN ANIMAL CONTEST, WE ARE HAVING AN ANIMAL CONTEST,WE ARE HAVING AN ANIMAL CONTEST,WE ARE HAVING AN ANIMAL CONTEST,2.51,6.01,97.4,25,0.33,0.5,0,0,0,0
152,declaritive,THIS ANIMAL LIVES ON A FARM.,THIS ANIMAL LIVES ON A FARM,ANGER LEAVES THE OWNER FRYER,THIS ANIMO LAVES ON A FIRE,THIS ANIMAL LIVES ON A FIRE, THIS ANIMAL LIVES ON A FARM,THIS ANIMAL LIVES ON A FARM,THIS ANIMAL LIVES ON A FARM,2.51,5.53,95.6,34,1,0.5,0.17,0,0,0
153,exclamatory,I'M SO EXCITED!,I'M SO EXCITED,I'M SO EXCITED,IM THOUGHT YOU TIBUG,I'M SO EXCITED, I'M SO EXCITED,I'M SO EXCITED,I'M SO EXCITED,1.03,5.02,77.2,27,0,1.33,0,0,0,0
154,declaritive,WE HAVE OUR LAST MESSAGE.,WE HAVE OUR LAST MESSAGE,WE HAVE OUR LAST MONTH,WE HAVE ALAST CO MESS,WE HAVE AUR LAST MESSA, WE HAVE A LAST MESSAGE,WE HAVE OUR LAST MESSAGE,WE HAVE OUR LAST MESSAGE,2.51,4.01,84.4,9,0.2,0.6,0.4,0.2,0,0
155,interrogative,HOW MUCH IS A TICKET?,HOW MUCH IS A TICKET,OH MARGE IS OUR TAKE CARE,HOW MUCH ITS OUT TEACAP,HOW MUCH IS OU TA KET, HOW MUCH IS A TICKET,HOW MUCH IS YOUR TICKET,HOW MUCH IS A TICKET,2.51,4.5,93.8,28,1,0.6,0.6,0,0.2,0
156,declaritive,LOOK OVER THERE.,LOOK OVER THERE,A OVER FIRE,LOVE ALL MY BY,LOK ALL MY BA, LOOK ALL THE WAY,LOOK OVER THERE,LOOK OVER THERE,3.69,3.05,25.2,17,0.67,1.33,1.33,1,0,0
157,declaritive,MY FOOT HURTS.,MY FOOT HURTS,LIVE BIRTH HURST,MY FUNK HARST,MY FOOT HURST, MY FOOT FIRST,MY FOOT FIRST,MY FOOT HURTS,3.22,5.53,67,9,1,0.67,0.33,0.33,0.33,0
158,declaritive,IT'S YOUR SIZE.,IT'S YOUR SIZE,A SERIOUS SIZE,IT'S YOUR SIZE,IT'S YOUR SIZE, IT'S YOUR SIZE,IT'S YOUR SIZE,IT'S YOUR SIZE,1.66,3.05,75.4,25,0.67,0,0,0,0,0
159,interrogative,WHAT DOES IT SAY?,WHAT DOES IT SAY,WHY DOES IT SAY,ON DOS IT FAY,WHAT DOES HE SAY, ONE DOSE A DAY,WHAT DOES IT SAY,WHAT DOES IT SAY,1.66,5.02,98.8,30,0.25,0.75,0.25,1,0,0
160,declaritive,MY BIKE IS BROKEN.,MY BIKE IS BROKEN,MY LIFE IS BROKEN,MY LIFE IS BROK,MY WIFE IS BROKEN, MY BIKE IS BROKEN,MY BIKE IS BROKEN,MY BIKE IS BROKEN,2.51,2.51,93.8,24,0.25,0.5,0.25,0,0,0
161,declaritive,LET'S SEE THE DOLPHIN.,LET'S SEE THE DOLPHIN,LET'S SEE THAT OFTEN,LE SEE THA GOLFIN,LES SE THE DOLPHIN, LET'S SEE THE DOLPHIN,LET'S FEED THE DOLPHIN,LET'S SEE THE DOLPHIN,1.66,5.53,94.6,23,0.5,0.75,0.5,0,0.25,0
162,declaritive,IT'S REALLY INTERESTING.,IT'S REALLY INTERESTING,HE'S REALLY INTO,IT MERRY,I NEARLY INTEREST, IT'S REALLY INTERESTING,IT'S LILY INTEREST,IT'S REALLY INTERESTING,1.66,5.53,70,34,0.67,1,1,0,0.67,0
163,interrogative,CAN YOU READ THE MESSAGE?,CAN YOU READ THE MESSAGE,OH YEAH RAY FARMER FALL,HUNGRY AMA FA,O YER RAS BY MY FA, CAN YOU REST ON MY SIDE,CAN YOU READ THE MESSAGE,CAN YOU READ THE MESSAGE,5.55,4.5,85,23,1,1,1.2,0.8,0,0
164,interrogative,CAN I FEED THE DOLPHIN?,CAN I FEED THE DOLPHIN,CAN I FREEZE DAUGHTER OF FRIENDS,CAN I FAITH THE DORPHIN,CAN I FAT THAT ORPHIN, CAN I FEED THAT ORPHAN,CAN I FEED THE DOLPHIN,CAN I FEED THE DOLPHIN,1.66,5.53,85.8,13,0.8,0.4,0.6,0.4,0,0
165,interrogative,CAN YOU GO TOMORROW MORNING?,CAN YOU GO TOMORROW MORNING,CAN YOU GOT TO MARA MONEY,TEN YOU GOOD TO MORROW A MONEY,CAN YOU GO TO MORRO MONI, CAN YOU GO TOMORROW MORNING,CAN YOU GO TOMORROW MORNING,CAN YOU GO TOMORROW MORNING,2.51,5.53,84.8,26,0.8,1.2,0.6,0,0,0
166,interrogative,ARE YOU THIRSTY?,ARE YOU THIRSTY,OH YOU TERRORIST THE,ON YOU DIRSTY,ARE YOU THIRSTY, ALL YOU THIRSTY,ALL YOU THIRSTY,ARE YOU THIRSTY,1.66,5.53,86.2,9,1,0.67,0,0.33,0.33,0
167,declaritive,IT HAS A LONG TAIL.,IT HAS A LONG TAIL,IT HAS A LONG TAIL,IT HAS A LONG PAIL,IT HAS A LONG TAIL, IT HAS A LONG TAIL,IT HAS A LONG TAIL,IT HAS A LONG TAIL,1.66,4.01,96,24,0,0.2,0,0,0,0
168,interrogative,ARE WE LOST?,ARE WE LOST,ARE WE LOST,HURRY LOST,ARY LOST, I ALREADY LOST,ARE WE LOST,ARE WE LOST,1.17,3.05,100,14,0,0.67,0.67,0.67,0,0
169,declaritive,LET'S FIND THE LAST ANIMAL.,LET'S FIND THE LAST ANIMAL,LET'S FIND THE LAST ANIMAL,LET'S FIND THE LAST  ANIMAL,LET'S FIND THE LAST ANIMAL, LET'S FIND THE LAST ANIMAL,LET'S FIND THE LAST ANIMAL,LET'S FIND THE LAST ANIMAL,1.66,5.53,93.4,24,0,0,0,0,0,0
170,interrogative,WHAT'S WRONG?,WHAT'S WRONG,WHAT'S WRONG,WHITE WRONG,WHAT'S WRONG, WHAT'S WRONG,WHAT'S WRONG,WHAT'S WRONG,1.66,4.5,85.8,20,0,0.5,0,0,0,0
171,declaritive,I CAN FIX IT.,I CAN FIX IT,WE CAN THEN,AN TAKE A MAN,I CAN QRAKEN, I CAN FIX IT,I CAN FIX THIS,I CAN FIX IT,2.51,4.5,89.2,33,0.75,1,0.5,0,0.25,0
172,declaritive,WE HAVE THE NEXT MESSAGE.,WE HAVE THE NEXT MESSAGE,WE HAVE THAT NEXT MASS SAY IT'S,WE HAV THA NEXT MASSADES,WE HAB TA NEXT MASAZ, WE HAVE THE NEXT MESSAGE,WE HAVE THE NEXT MESSAGE,WE HAVE THE NEXT MESSAGE,3.22,5.02,82.4,16,0.8,0.6,0.6,0,0,0
173,declaritive,THAT MEANS HELLO IN KOREAN.,THAT MEANS HELLO IN KOREAN,THAT NICE HELLO ONLY COFFEE,DEAD MAS ERO INCORI,DEAD MASE HELLO IN COVY, THAT MEANS HELLO IN THE COVER,THAT MEANS HELLO IN KOREAN,THAT MEANS HELLO IN KOREAN,1.66,5.53,77.6,27,0.6,1,0.6,0.4,0,0
174,interrogative,WHAT DO YOU THINK?,WHAT DO YOU THINK,WHAT THEY DO YOU AND,WHAT DE YOU THIK,WHAT DO YOU THINK, WHAT DO YOU THINK,WHAT DO YOU THINK,WHAT DO YOU THINK,1.66,4.01,99.4,12,0.5,0.5,0,0,0,0
175,exclamatory,BE CAREFUL!,BE CAREFUL,BE CAREFUL,MERE CAREFUL,BE CAREFUL, BE CAREFUL,BE CAREFUL,BE CAREFUL,1.17,3.05,99.4,7,0,0.5,0,0,0,0
176,interrogative,DO YOU LIKE PASTA?,DO YOU LIKE PASTA,DO YOU LIKE PLAZA,DO YOUL LIKE PLATAN,DO YOU LIKE PASA, DO YOU LIKE PASTA,DO YOU LIKE PRADA,DO YOU LIKE PASTA,1.66,5.02,97.6,14,0.25,0.5,0.25,0,0.25,0
177,declaritive,IT'S ON THE TEAM.,IT'S ON THE TEAM,IT'S OWN THE TEAM,IT'S ON BATIM,IT'S ON THE TAM, IT'S ON THE TEAM,IT'S ON THE TEAM,IT'S ON THE TEAM,2.51,4.01,99.4,29,0.25,0.5,0.25,0,0,0
178,interrogative,WHAT'S YOUR NAME?,WHAT'S YOUR NAME,WHAT'S YOUR NAME,SUREI,ATS YORNA, WHAT'S YOUR NAME,WHAT'S YOUR NAME,WHAT'S YOUR NAME,1.66,2.51,73.8,16,0,1,1,0,0,0
179,interrogative,HOW MUCH IS THIS BOOK?,HOW MUCH IS THIS BOOK,HOW MUCH AS PLEASE BOTH,HO MUCH IKI BO,HO MAJIS TIS FO, HOW MUCH IS THIS FOOD,HOW MUCH IS THIS FOOD,HOW MUCH IS THIS BOOK,1.66,3.54,86,18,0.6,0.8,1,0.2,0.2,0
180,interrogative,CAN I BUY THIS PENCIL?,CAN I BUY THIS PENCIL,CAN I FIND HIS PARENTS,A MAN VIDEAS PANCE,AN IVI DIS PENCEL, TO KNOW WHY THIS PENCIL,CAN I BUY THIS PENCIL,CAN I BUY THIS PENCIL,1.66,4.01,82.4,20,0.6,1,1,0.6,0,0
181,declaritive,MEET MY FRIEND.,MEET MY FRIEND,MADE LIFE RISE,O MAKE MY FRIEND,MET MY FRIEND, MEET MY FRIEND,MEET MY FRIENDS,MEET MY FRIEND,1.66,3.54,95.8,27,1,0.67,0.33,0,0.33,0
182,declaritive,IT'S REALLY INTERESTING.,IT'S REALLY INTERESTING,A FEW REALLY LANE TOURIST GAME,I FERYRAIN TO ROSBON,IT YOU REALLY INTERUSTING, IT'S REALLY INTERESTING,IT'S REALLY INTERESTING,IT'S REALLY INTERESTING,2.51,5.02,64,20,1.67,1.33,1,0,0,0
183,declaritive,IT IS ON THE FOOTBALL TEAM.,IT IS ON THE FOOTBALL TEAM,IT EASY AND OUR FEDERAL TEAM,HET EAS ON TE FOOTFUL TAM,IT IS UNDER FOOTFAL TIM, IT IS UNDER 410,IT IS ON THE FRUITFUL TEAM,IT IS ON THE FOOTBALL TEAM,1.66,4.5,87.8,17,0.67,0.83,0.67,0.67,0.17,0
184,interrogative,WHAT DO YOU EAT IN KOREA?,WHAT DO YOU EAT IN KOREA,WAS REALLY EATING,LASBILIA ABIN,WASGULIA ADN COR,WHAT DO YOU EAT IN FOOD,WHAT DO YOU EAT IN KURA,WHAT DO YOU EAT IN COURT,4.43,5.53,86.8,23,1,1,1,0.17,0.17,0.17
185,declaritive,LET'S GO TO THE FOREST TOMORROW.,LET'S GO TO THE FOREST TOMORROW,LAST TWO THAT ASKED TOMORROW,CAN HERE GO TO US MA,CAN YER GO TO THE STATE,LET'S GO TO THE FIRST TOMORROW,LET'S GO TO THE FOREST TOMORROW,LET'S GO TO THE FIRST TOMORROW,7.51,8,71.6,13,0.83,0.83,0.67,0.17,0,0.17
186,exclamatory,THE LAST ANSWER IS THE DINOSAUR!,THE LAST ANSWER IS THE DINOSAUR,THE REST ANSWER IS THE DINOSAUR,LET'S GO TO THAT FLAST TOMORROW,LET'S GO TO DAFEST TO MORLOW,THE REST ANSWER IS THE DINOSAUR,THE LAST ANSWER IS THE DINOSAUR,THE REST ANSWER IS THE DINOSAUR,6.99,8.52,85,22,0.17,1,1,0.17,0,0.17
187,interrogative,CAN YOU GO TO THE STADIUM?,CAN YOU GO TO THE STADIUM,CAN YOU GOT TO THE STATE,THE REST ANSIR IS THE THINE SIR,THE REST ANSER IS TE DINSON,CAN YOU GO TO THE STAGE,CAN YOU GO TO THE STADIUM,CAN YOU GO TO THE STAGE,1.66,1.95,97,28,0.33,1,1,0.17,0,0.17
188,declaritive,THE ANIMAL'S BONES ARE AT THE MUSEUM.,THE ANIMAL'S BONES ARE AT THE MUSEUM,THE MOST BARS ARE AT THE MUSIC,WITH THE ANIMALS BALLS ARE AT THE MUS,THE ANMALST BALS ARE AT THE MUS,THE END ROWS BOTH ARE AT THE MUSEUM,THE ANIMALS' BONES ARE AT THE MUSEUM,THE ANIMALS BONES ARE AT THE MUSIC,3.69,6.01,68.4,23,0.43,0.57,0.43,0.43,0.14,0.29
189,declaritive,IT'S AN IMPORTANT BIRD IN AMERICA.,IT'S AN IMPORTANT BIRD IN AMERICA,IS A NEW PART TIME BARTH IS VERY,IT'S AIMPORTAN BARD IN AMERICA,IT'S AN IMPORTANT BORD IN AMERICA,IT'S AN IMPORTANT WORD IN THE WORLD,IT'S AN IMPORTANT BIRD IN AMERICA,IT'S AN IMPORTANT PART IN AMERICA,3.69,6.49,88.8,28,1.33,0.5,0.17,0.5,0,0.17
190,declaritive,WE EAT LOTS OF CURRY IN INDIA.,WE EAT LOTS OF CURRY IN INDIA,WE A ROCK OF COREY IN INDIA,WE IT ROT OF CORY IN INDIA,WE EAT DROT OF CORRY IN INDIA,WE EAT A LOT OF CURRY IN INDIA,WE EAT LOTS OF CURRY IN INDIA,WE EAT LOT OF CURRY IN INDIA,1.66,6.49,88.2,17,0.43,0.43,0.29,0.29,0,0.14